﻿{
  "Areas": [
    {
      "Name": "Touran",
      "Rect": [
        {
          "X": 96,
          "Y": 176,
          "Width": 176,
          "Height": 176
        }
      ],
      "Items": [],
      "Doors": []
    },
    {
      "Name": "WreckedShip",
      "Rect": [
        {
          "X": 671,
          "Y": 0,
          "Width": 194,
          "Height": 169
        }
      ],
      "Items": [
        {
          "X": 720,
          "Y": 48,
          "DisplayMode": 0
        },
        {
          "X": 672,
          "Y": 48,
          "DisplayMode": 0
        },
        {
          "X": 704,
          "Y": 96,
          "DisplayMode": 0
        },
        {
          "X": 752,
          "Y": 112,
          "DisplayMode": 0
        },
        {
          "X": 848,
          "Y": 112,
          "DisplayMode": 0
        },
        {
          "X": 800,
          "Y": 48,
          "DisplayMode": 0
        },
        {
          "X": 752,
          "Y": 32,
          "DisplayMode": 0
        },
        {
          "X": 848,
          "Y": 0,
          "DisplayMode": 0
        }
      ],
      "Doors": []
    },
    {
      "Name": "Crateria",
      "Rect": [
        {
          "X": 0,
          "Y": 0,
          "Width": 717,
          "Height": 320
        },
        {
          "X": 865,
          "Y": 60,
          "Width": 132,
          "Height": 116
        }
      ],
      "Items": [
        {
          "X": 368,
          "Y": 96,
          "DisplayMode": 0
        },
        {
          "X": 352,
          "Y": 144,
          "DisplayMode": 0
        },
        {
          "X": 288,
          "Y": 288,
          "DisplayMode": 0
        },
        {
          "X": 224,
          "Y": 112,
          "DisplayMode": 0
        },
        {
          "X": 160,
          "Y": 96,
          "DisplayMode": 0
        },
        {
          "X": 144,
          "Y": 48,
          "DisplayMode": 0
        },
        {
          "X": 240,
          "Y": 32,
          "DisplayMode": 0
        },
        {
          "X": 496,
          "Y": 16,
          "DisplayMode": 0
        },
        {
          "X": 544,
          "Y": 64,
          "DisplayMode": 0
        },
        {
          "X": 576,
          "Y": 80,
          "DisplayMode": 0
        },
        {
          "X": 576,
          "Y": 32,
          "DisplayMode": 0
        },
        {
          "X": 592,
          "Y": 0,
          "DisplayMode": 0
        }
      ],
      "Doors": []
    },
    {
      "Name": "Maridia",
      "Rect": [
        {
          "X": 529,
          "Y": 326,
          "Width": 530,
          "Height": 279
        }
      ],
      "Items": [
        {
          "X": 704,
          "Y": 576,
          "DisplayMode": 0
        },
        {
          "X": 688,
          "Y": 560,
          "DisplayMode": 0
        },
        {
          "X": 672,
          "Y": 544,
          "DisplayMode": 0
        },
        {
          "X": 656,
          "Y": 528,
          "DisplayMode": 0
        },
        {
          "X": 736,
          "Y": 560,
          "DisplayMode": 0
        },
        {
          "X": 752,
          "Y": 576,
          "DisplayMode": 0
        },
        {
          "X": 896,
          "Y": 592,
          "DisplayMode": 0
        },
        {
          "X": 832,
          "Y": 464,
          "DisplayMode": 0
        },
        {
          "X": 768,
          "Y": 480,
          "DisplayMode": 0
        },
        {
          "X": 752,
          "Y": 480,
          "DisplayMode": 0
        },
        {
          "X": 976,
          "Y": 496,
          "DisplayMode": 0
        },
        {
          "X": 1040,
          "Y": 448,
          "DisplayMode": 0
        },
        {
          "X": 816,
          "Y": 368,
          "DisplayMode": 0
        },
        {
          "X": 688,
          "Y": 432,
          "DisplayMode": 0
        },
        {
          "X": 560,
          "Y": 432,
          "DisplayMode": 0
        },
        {
          "X": 544,
          "Y": 512,
          "DisplayMode": 0
        },
        {
          "X": 528,
          "Y": 528,
          "DisplayMode": 0
        }
      ],
      "Doors": []
    },
    {
      "Name": "Brinstar",
      "Rect": [
        {
          "X": 0,
          "Y": 349,
          "Width": 562,
          "Height": 293
        },
        {
          "X": 526,
          "Y": 607,
          "Width": 328,
          "Height": 63
        }
      ],
      "Items": [
        {
          "X": 0,
          "Y": 496,
          "DisplayMode": 0
        },
        {
          "X": 16,
          "Y": 496,
          "DisplayMode": 0
        },
        {
          "X": 48,
          "Y": 544,
          "DisplayMode": 0
        },
        {
          "X": 192,
          "Y": 512,
          "DisplayMode": 0
        },
        {
          "X": 192,
          "Y": 496,
          "DisplayMode": 0
        },
        {
          "X": 160,
          "Y": 464,
          "DisplayMode": 0
        },
        {
          "X": 192,
          "Y": 448,
          "DisplayMode": 0
        },
        {
          "X": 144,
          "Y": 400,
          "DisplayMode": 0
        },
        {
          "X": 128,
          "Y": 400,
          "DisplayMode": 0
        },
        {
          "X": 96,
          "Y": 400,
          "DisplayMode": 0
        },
        {
          "X": 80,
          "Y": 384,
          "DisplayMode": 0
        },
        {
          "X": 112,
          "Y": 448,
          "DisplayMode": 0
        },
        {
          "X": 304,
          "Y": 480,
          "DisplayMode": 0
        },
        {
          "X": 288,
          "Y": 496,
          "DisplayMode": 0
        },
        {
          "X": 320,
          "Y": 496,
          "DisplayMode": 0
        },
        {
          "X": 368,
          "Y": 512,
          "DisplayMode": 0
        },
        {
          "X": 416,
          "Y": 496,
          "DisplayMode": 0
        },
        {
          "X": 432,
          "Y": 496,
          "DisplayMode": 0
        },
        {
          "X": 384,
          "Y": 464,
          "DisplayMode": 0
        },
        {
          "X": 272,
          "Y": 512,
          "DisplayMode": 0
        },
        {
          "X": 256,
          "Y": 464,
          "DisplayMode": 0
        },
        {
          "X": 288,
          "Y": 576,
          "DisplayMode": 0
        },
        {
          "X": 480,
          "Y": 512,
          "DisplayMode": 0
        },
        {
          "X": 464,
          "Y": 512,
          "DisplayMode": 0
        },
        {
          "X": 480,
          "Y": 464,
          "DisplayMode": 0
        },
        {
          "X": 608,
          "Y": 640,
          "DisplayMode": 0
        },
        {
          "X": 672,
          "Y": 624,
          "DisplayMode": 0
        },
        {
          "X": 832,
          "Y": 640,
          "DisplayMode": 0
        },
        {
          "X": 528,
          "Y": 608,
          "DisplayMode": 0
        }
      ],
      "Doors": []
    },
    {
      "Name": "Norfair",
      "Rect": [
        {
          "X": 447,
          "Y": 665,
          "Width": 575,
          "Height": 279
        }
      ],
      "Items": [
        {
          "X": 448,
          "Y": 720,
          "DisplayMode": 0
        },
        {
          "X": 496,
          "Y": 688,
          "DisplayMode": 0
        },
        {
          "X": 528,
          "Y": 752,
          "DisplayMode": 0
        },
        {
          "X": 544,
          "Y": 736,
          "DisplayMode": 0
        },
        {
          "X": 560,
          "Y": 736,
          "DisplayMode": 0
        },
        {
          "X": 608,
          "Y": 752,
          "DisplayMode": 0
        },
        {
          "X": 656,
          "Y": 720,
          "DisplayMode": 0
        },
        {
          "X": 704,
          "Y": 688,
          "DisplayMode": 0
        },
        {
          "X": 720,
          "Y": 688,
          "DisplayMode": 0
        },
        {
          "X": 752,
          "Y": 688,
          "DisplayMode": 0
        },
        {
          "X": 784,
          "Y": 736,
          "DisplayMode": 0
        },
        {
          "X": 832,
          "Y": 720,
          "DisplayMode": 0
        },
        {
          "X": 880,
          "Y": 720,
          "DisplayMode": 0
        },
        {
          "X": 880,
          "Y": 736,
          "DisplayMode": 0
        },
        {
          "X": 976,
          "Y": 736,
          "DisplayMode": 0
        },
        {
          "X": 992,
          "Y": 688,
          "DisplayMode": 0
        },
        {
          "X": 1008,
          "Y": 688,
          "DisplayMode": 0
        },
        {
          "X": 1008,
          "Y": 752,
          "DisplayMode": 0
        },
        {
          "X": 1008,
          "Y": 832,
          "DisplayMode": 0
        },
        {
          "X": 928,
          "Y": 880,
          "DisplayMode": 0
        },
        {
          "X": 864,
          "Y": 816,
          "DisplayMode": 0
        },
        {
          "X": 720,
          "Y": 816,
          "DisplayMode": 0
        },
        {
          "X": 560,
          "Y": 816,
          "DisplayMode": 0
        },
        {
          "X": 544,
          "Y": 896,
          "DisplayMode": 0
        },
        {
          "X": 640,
          "Y": 896,
          "DisplayMode": 0
        },
        {
          "X": 704,
          "Y": 896,
          "DisplayMode": 0
        },
        {
          "X": 720,
          "Y": 896,
          "DisplayMode": 0
        },
        {
          "X": 768,
          "Y": 928,
          "DisplayMode": 0
        },
        {
          "X": 464,
          "Y": 912,
          "DisplayMode": 0
        }
      ],
      "Doors": []
    }
  ]
}